{
	"status": "success",
	"data": [
		{
			"id": "1",
			"employee_name": "Fletcher Connolly",
			"employee_salary": "320800",
			"employee_age": "61"
		},
		{
			"id": "2",
			"employee_name": "Lillie-May Fuller",
			"employee_salary": "345300",
			"employee_age": "55"
		},
		{
			"id": "3",
			"employee_name": "Skylar Tanner",
			"employee_salary": "442800",
			"employee_age": "51"
		},
		{
			"id": "4",
			"employee_name": "Connar Sanders",
			"employee_salary": "420000",
			"employee_age": "33"
		},
		{
			"id": "5",
			"employee_name": "Felix Collins",
			"employee_salary": "333800",
			"employee_age": "31"
		},
		{
			"id": "6",
			"employee_name": "Osman Weeks",
			"employee_salary": "320800",
			"employee_age": "41"
		},
		{
			"id": "7",
			"employee_name": "Aubree Salter",
			"employee_salary": "440800",
			"employee_age": "33"
		},
		{
			"id": "8",
			"employee_name": "Saba Mccormick",
			"employee_salary": "355800",
			"employee_age": "44"
		},
		{
			"id": "9",
			"employee_name": "Giovanni Andrew",
			"employee_salary": "340000",
			"employee_age": "34"
		},
		{
			"id": "10",
			"employee_name": "Ronaldo Terry",
			"employee_salary": "220200",
			"employee_age": "42"
		},
		{
			"id": "11",
			"employee_name": "Ariel Thorpe",
			"employee_salary": "120000",
			"employee_age": "21"
		},
		{
			"id": "12",
			"employee_name": "Eileen Peterson",
			"employee_salary": "220800",
			"employee_age": "45"
		},
		{
			"id": "13",
			"employee_name": "Louis Durham",
			"employee_salary": "323800",
			"employee_age": "55"
		},
		{
			"id": "14",
			"employee_name": "Jamel Mccallum",
			"employee_salary": "350300",
			"employee_age": "49"
		},
		{
			"id": "15",
			"employee_name": "Sabah Dyer",
			"employee_salary": "323800",
			"employee_age": "61"
		},
		{
			"id": "16",
			"employee_name": "Rima Weaver",
			"employee_salary": "424800",
			"employee_age": "69"
		},
		{
			"id": "17",
			"employee_name": "Leah Lennon",
			"employee_salary": "320000",
			"employee_age": "62"
		},
		{
			"id": "18",
			"employee_name": "Lyra Gaines",
			"employee_salary": "350800",
			"employee_age": "41"
		},
		{
			"id": "19",
			"employee_name": "Lola-Rose Chambers",
			"employee_salary": "420300",
			"employee_age": "31"
		},
		{
			"id": "20",
			"employee_name": "Neil Mccoy",
			"employee_salary": "520800",
			"employee_age": "38"
		}
	]
}