﻿<?xml version="1.0" encoding="utf-8"?>
<AppVariables version="2.0">
  <Datasets/>
  <Variables>
    <Variable id="appVersion" initval="17.1.2.200"/>
    <Variable id="docsURL" initval="http://docs.tobesoft.com/r/a/developer_guide_nexacro_17_ko/"/>
    <Variable id="serverURL" initval="http://demo.nexacro.com/developer_guide"/>
    <Variable id="srcURL" initval="http://demo.nexacro.com/developer_guide/source"/>
    <Variable id="guideURL" initval="http://docs.tobesoft.com/developer_guide_nexacro_17_ko"/>
    <Variable id="googleMapAPIKey" initval="AIzaSyDi3vg8y5Jv7_lrEMV7gT86y9wG2KukMis"/>
  </Variables>
  <DataObjects/>
</AppVariables>
