﻿<?xml version="1.0" encoding="utf-8"?>
<BootstrapPreset version="1.0">
  <Bootstrap id="index" version ="1.0">
    <![CDATA[<!DOCTYPE HTML PUBLIC "-//W3C//DTD HTML 4.01 Transitional//EN" "http://www.w3.org/TR/html4/loose.dtd">
<html #{LANGUAGE}> <!-- LANGUAGE : locale setting (value of location property in Environment) -->
<head>
	<meta http-equiv="X-UA-Compatible" content="IE=Edge">
	<meta http-equiv="content-type" content="text/html; charset=UTF-8">
	<meta name="viewport" content="user-scalable=1, initial-scale=0.1, width=device-width, target-densitydpi=device-dpi">
	<!-- META_CHECKVERSION : Add if value of checkversion property in Envrionment is true -->
	#{META_CHECKVERSION}
	
	<!-- FAVICON_ICON : favion setting (value of icon property in Environment. add to value of icon property in Environment) -->
	#{FAVICON}
	
	<!-- USERFONT_STYLE : userfont style setting (value of userfontid property in Environment. crate contents contained in xfont file specified userfontid property in Environment) -->
	#{USERFONT_STYLE}
	
	<!-- FRAMEWORK_LIBRARY : framework lodaing path (list of scripts files in the Framework.json file) -->
	#{FRAMEWORK_LIBRARY}
	
	<!-- COMPONENTS_LIBRARY : commonent lodaing path (list of script file in json file specified in the TypeDefinition module) -->
	#{COMPONENTS_LIBRARY}
	<!-- ENVIRONMENT_LIBRARY : application environment path (path of Environment.xml.js) -->
	#{ENVIRONMENT_LIBRARY}
	
	<title></title>
</head>
<body style="margin:0;border:none;-ms-touch-action:none;" onload="oninitframework()">
	<script>
		function oninitframework()
		{
			<!-- SCREEN_INFORMATION : create screen information defined in Environment > ScreenDefinition -->
			var screeninfo = [
#{SCREEN_INFORMATION}
			];

			nexacro._initHTMLSysEvent(window, document);
			nexacro._initEnvironment(screeninfo);
			<!-- create internal iframe -->
			<!-- USERFONT_INFORMATION : userfontid property is specified in the Environment -->
			nexacro._prepareManagerFrame(onloadframework#{USERFONT_INFORMATION});
		}
		function onloadframework()
		{
			<!-- application loading -->
			nexacro._loadADL();
		}
		function onfinalframework()
		{
			<!-- application exit -->
		}
	</script>
</body>
</html>
  
  ]]>    
  </Bootstrap>
  <Bootstrap id="launch" version ="1.0">
    <![CDATA[<!DOCTYPE HTML PUBLIC "-//W3C//DTD HTML 4.01 Transitional//EN" "http://www.w3.org/TR/html4/loose.dtd">
<html #{LANGUAGE}> <!-- LANGUAGE : locale setting (value of location property in Environment) -->
<head>
	<meta http-equiv="X-UA-Compatible" content="IE=Edge">
	<meta http-equiv="content-type" content="text/html; charset=UTF-8">
	<meta name="viewport" content="user-scalable=1, initial-scale=0.1, width=device-width, target-densitydpi=device-dpi">
	<!-- META_CHECKVERSION : Add if value of checkversion property in Envrionment is true -->
	#{META_CHECKVERSION}
	
	<!-- FAVICON_ICON : favion setting (value of icon property in Environment. add to value of icon property in Environment) -->
	#{FAVICON}
	
	<!-- USERFONT_STYLE : userfont style setting (value of userfontid property in Environment. crate contents contained in xfont file specified userfontid property in Environment) -->
	#{USERFONT_STYLE}
	
	<!-- FRAMEWORK_LIBRARY : framework lodaing path (list of scripts files in the Framework.json file) -->
	#{FRAMEWORK_LIBRARY}
	
	<!-- COMPONENTS_LIBRARY : commonent lodaing path (list of script file in json file specified in the TypeDefinition module) -->
	#{COMPONENTS_LIBRARY}
	
	<!-- ENVIRONMENT_LIBRARY : application environment path (path of Environment.xml.js) -->
	#{ENVIRONMENT_LIBRARY}
	
	<title></title>
</head>

<body style="margin:0;border:none;-ms-touch-action:none;" onload="oninitframework()">
	<script>
	function oninitframework()
	{
		<!-- parameter information -->
		var urlParams = {};
		(function () {
			var match,
			pl     = /\+/g,
			search = /([^&=]+)=?([^&]*)/g,
			decode = function (s) { return decodeURIComponent(s.replace(pl, " ")); },
			query  = window.location.search.substring(1);
			while (match = search.exec(query)) { urlParams[decode(match[1])] = decode(match[2]); }
			})();
			
		nexacro._launch_screenid = urlParams.screenid;
		<!-- SCREEN_INFORMATION : create screen information defined in Environment > ScreenDefinition -->
		var screeninfo = [
#{SCREEN_INFORMATION}
		];
		
		nexacro._initHTMLSysEvent(window, document);
		nexacro._initEnvironment(screeninfo);
		<!-- create internal iframe -->
		<!-- USERFONT_INFORMATION : userfontid property is specified in the Environment -->
		nexacro._prepareManagerFrame(onloadframework#{USERFONT_INFORMATION});
	}
	function onloadframework()
	{
		<!-- application loading -->
		nexacro._loadADL();
	}
	function onfinalframework()
	{
		<!-- application exit -->
	}
	</script>
</body>
</html>  
  ]]>
  </Bootstrap>
  <Bootstrap id="popup" version ="1.0">
    <![CDATA[<!DOCTYPE HTML PUBLIC "-//W3C//DTD HTML 4.01 Transitional//EN" "http://www.w3.org/TR/html4/loose.dtd">
<html #{LANGUAGE}> <!-- LANGUAGE : locale setting (value of location property in Environment) -->
<head>
	<meta http-equiv="X-UA-Compatible" content="IE=Edge">
	<meta http-equiv="content-type" content="text/html; charset=UTF-8">
	<meta name="viewport" content="user-scalable=1, initial-scale=0.1, width=device-width, target-densitydpi=device-dpi">
	<!-- META_CHECKVERSION : Add if value of checkversion property in Envrionment is true -->
	#{META_CHECKVERSION}
	<script>
		window._popup = true;
	</script>
	
	<!-- FAVICON_ICON : favion setting (value of icon property in Environment. add to value of icon property in Environment) -->
	#{FAVICON}
	
	<!-- USERFONT_STYLE : userfont style setting (value of userfontid property in Environment. crate contents contained in xfont file specified userfontid property in Environment) -->
	#{USERFONT_STYLE}
	
	<!-- FRAMEWORK_LIBRARY : framework lodaing path (list of scripts files in the Framework.json file) -->
	#{FRAMEWORK_LIBRARY}
	
	<!-- COMPONENTS_LIBRARY : commonent lodaing path (list of script file in json file specified in the TypeDefinition module) -->
	#{COMPONENTS_LIBRARY}
	
	<!-- ENVIRONMENT_LIBRARY : application environment path (path of Environment.xml.js) -->
	#{ENVIRONMENT_LIBRARY}
	
	<title></title>
</head>
<body style="margin:0; border:none; -ms-touch-action:none;">
	<script>	
	<!-- parameter information -->
	var urlParams = {};
	(function () {
		var match,
		pl = /\+/g,
		search = /([^&=]+)=?([^&]*)/g,
		decode = function (s) { return decodeURIComponent(s.replace(pl, " ")); },
		query = window.location.search.substring(1);
		while (match = search.exec(query)) { urlParams[decode(match[1])] = decode(match[2]); }
		})();

	<!-- create internal iframe -->
	<!-- USERFONT_INFORMATION : userfontid property is specified in the Environment -->
	nexacro._preparePopupFrame(window, document, urlParams#{USERFONT_INFORMATION});
	</script>
</body>
</html>
  ]]>
  </Bootstrap>
  <Bootstrap id="quickview" version ="1.0">
    <![CDATA[<!DOCTYPE HTML PUBLIC "-//W3C//DTD HTML 4.01 Transitional//EN" "http://www.w3.org/TR/html4/loose.dtd">
<html #{LANGUAGE}> <!-- LANGUAGE : locale setting (value of location property in Environment) -->
<head>
	<meta http-equiv="X-UA-Compatible" content="IE=Edge">
	<meta http-equiv="content-type" content="text/html; charset=UTF-8">
	<meta name="viewport" content="user-scalable=1, initial-scale=0.1, width=device-width, target-densitydpi=device-dpi">
	<!-- META_CHECKVERSION : Add if value of checkversion property in Envrionment is true -->
	#{META_CHECKVERSION}
	
	<!-- FAVICON_ICON : favion setting (value of icon property in Environment. add to value of icon property in Environment) -->
	#{FAVICON}

	<!-- USERFONT_STYLE : userfont style setting (value of userfontid property in Environment. crate contents contained in xfont file specified userfontid property in Environment) -->
	#{USERFONT_STYLE}
	
	<!-- FRAMEWORK_LIBRARY : framework lodaing path (list of scripts files in the Framework.json file) -->
	#{FRAMEWORK_LIBRARY}
	
	<!-- COMPONENTS_LIBRARY : commonent lodaing path (list of script file in json file specified in the TypeDefinition module) -->
	#{COMPONENTS_LIBRARY}
	
	<!-- ENVIRONMENT_LIBRARY : application environment path (path of Environment.xml.js) -->
	#{ENVIRONMENT_LIBRARY}
	
	<title></title>
</head>

<body style="margin:0;border:none;-ms-touch-action:none;" onload="oninitframework()">
	<script>
	function oninitframework()
	{
		<!-- parameter information -->
		var urlParams = {};
		(function () {
			var match,
			pl     = /\+/g,
			search = /([^&=]+)=?([^&]*)/g,
			decode = function (s) { return decodeURIComponent(s.replace(pl, " ")); },
			query  = window.location.search.substring(1);
			while (match = search.exec(query)) { urlParams[decode(match[1])] = decode(match[2]); }
			})();

		nexacro._launch_screenid = urlParams.screenid;
		nexacro._quickview_formurl = urlParams.formname;

		<!-- SCREEN_INFORMATION : create screen information defined in Environment > ScreenDefinition -->
		var screeninfo = [
#{SCREEN_INFORMATION}
		];

		nexacro._initHTMLSysEvent(window, document);
		nexacro._initEnvironment(screeninfo);
		<!-- create internal iframe -->
		<!-- USERFONT_INFORMATION : userfontid property is specified in the Environment -->
		nexacro._prepareManagerFrame(onloadframework#{USERFONT_INFORMATION});
	}
	function onloadframework()
	{
		<!-- application loading -->
		nexacro._loadADL();
	}
	function onfinalframework()
	{
		<!-- application exit -->
	}
	</script>
</body>
</html>
  ]]>
  </Bootstrap>
  <Bootstrap id="run" version ="1.0">
    <![CDATA[<!DOCTYPE HTML PUBLIC "-//W3C//DTD HTML 4.01 Transitional//EN" "http://www.w3.org/TR/html4/loose.dtd">
<html #{LANGUAGE}> <!-- LANGUAGE : locale setting (value of location property in Environment) -->
<head>
	<meta http-equiv="X-UA-Compatible" content="IE=Edge">
	<meta http-equiv="content-type" content="text/html; charset=UTF-8">
	<meta name="viewport" content="user-scalable=1, initial-scale=0.1, width=device-width, target-densitydpi=device-dpi">
	<!-- META_CHECKVERSION : Add if value of checkversion property in Envrionment is true -->
	#{META_CHECKVERSION}

	<!-- FAVICON_ICON : favion setting (value of icon property in Environment. add to value of icon property in Environment) -->
	#{FAVICON}

	<!-- USERFONT_STYLE : userfont style setting (value of userfontid property in Environment. crate contents contained in xfont file specified userfontid property in Environment) -->
	#{USERFONT_STYLE}

	<!-- FRAMEWORK_LIBRARY : framework lodaing path (list of scripts files in the Framework.json file) -->
	#{FRAMEWORK_LIBRARY}

	<!-- COMPONENTS_LIBRARY : commonent lodaing path (list of script file in json file specified in the TypeDefinition module) -->
	#{COMPONENTS_LIBRARY}

	<!-- ENVIRONMENT_LIBRARY : application environment path (path of Environment.xml.js) -->
	#{ENVIRONMENT_LIBRARY}

	<!-- MOBILE_LIBRARY : mobile component loading path -->
	#{MOBILE_LIBRARY}

	<title></title>
</head>
<body style="margin:0;border:none;-ms-touch-action:none;" onload="oninitframework()">
	<script>
	function oninitframework()
	{
		<!-- SCREEN_INFORMATION : create screen information defined in Environment > ScreenDefinition -->
		var screeninfo = [
#{SCREEN_INFORMATION}
		];

	nexacro._initHTMLSysEvent(window, document);
	nexacro._initEnvironment(screeninfo);
	<!-- create internal iframe -->
	<!-- USERFONT_INFORMATION : userfontid property is specified in the Environment -->
	nexacro._prepareManagerFrame(onloadframework#{USERFONT_INFORMATION});
	}
	function onloadframework()
	{
	<!-- application loading -->
	<!-- PROJECT_URL : application project url to load -->
	nexacro._loadADL(#{PROJECT_URL});
	}
	function onfinalframework()
	{
		<!-- application exit -->
	}
	</script>
</body>
</html>
  ]]>
  </Bootstrap>
</BootstrapPreset>