﻿<?xml version="1.0" encoding="utf-8"?>
<ENV version="2.1">
  <Environment themeid="theme::default" filesecurelevel="all" userfontid="font::sample_common_font.xfont" datatyperule="2.0">
    <ScreenDefinition>
      <Screen id="Screen_D" type="desktop" userzoom="true"/>
      <Screen id="Screen_jp" type="desktop" locale="ja_JP" themeid="theme::default_jp" specifiedlocale="ja_JP"/>
    </ScreenDefinition>
    <Variables/>
    <Cookies>
      <Cookie id="Cookie0" initval="TEST"/>
      <Cookie id="Cookie1" initval="nexacro platform 17"/>
    </Cookies>
    <httpheader/>
  </Environment>
</ENV>
