<ColumnInfo>
  <Column id="EMPL_ID" type="STRING" size="10"/>
  <Column id="FULL_NAME" type="STRING" size="50"/>
  <Column id="DEPT_CD" type="STRING" size="10"/>
  <Column id="POS_CD" type="STRING" size="10"/>
  <Column id="HIRE_DATE" type="DATE" size="10"/>
  <Column id="SALARY" type="INT" size="10"/>
  <Column id="GENDER" type="STRING" size="10"/>
  <Column id="MARRIED" type="STRING" size="10"/>
  <Column id="MEMO" type="STRING" size="10"/>
</ColumnInfo>
<Rows>
  <Row>
    <Col id="EMPL_ID">AA001</Col>
    <Col id="FULL_NAME">Olivia</Col>
    <Col id="DEPT_CD">01</Col>
    <Col id="POS_CD">03</Col>
    <Col id="HIRE_DATE">20101003</Col>
    <Col id="SALARY">83000</Col>
    <Col id="GENDER">W</Col>
    <Col id="MARRIED">true</Col>
    <Col id="MEMO">ivory</Col>
  </Row>
  <Row>
    <Col id="EMPL_ID">AA002</Col>
    <Col id="FULL_NAME">John</Col>
    <Col id="DEPT_CD">02</Col>
    <Col id="POS_CD">04</Col>
    <Col id="HIRE_DATE">20051011</Col>
    <Col id="SALARY">76000</Col>
    <Col id="GENDER">M</Col>
    <Col id="MARRIED">false</Col>
    <Col id="MEMO">greenyellow</Col>
  </Row>
  <Row>
    <Col id="EMPL_ID">BB001</Col>
    <Col id="FULL_NAME">Jackson</Col>
    <Col id="DEPT_CD">03</Col>
    <Col id="POS_CD">03</Col>
    <Col id="HIRE_DATE">20070206</Col>
    <Col id="SALARY">95000</Col>
    <Col id="GENDER">M</Col>
    <Col id="MARRIED">true</Col>
    <Col id="MEMO">aliceblue</Col>
  </Row>
  <Row>
    <Col id="EMPL_ID">BB002</Col>
    <Col id="FULL_NAME">Maia</Col>
    <Col id="DEPT_CD">04</Col>
    <Col id="POS_CD">02</Col>
    <Col id="HIRE_DATE">20090512</Col>
    <Col id="SALARY">60000</Col>
    <Col id="GENDER">W</Col>
    <Col id="MARRIED">false</Col>
    <Col id="MEMO">ivory</Col>
  </Row>
  <Row>
    <Col id="EMPL_ID">CC001</Col>
    <Col id="FULL_NAME">Adam</Col>
    <Col id="DEPT_CD">01</Col>
    <Col id="POS_CD">04</Col>
    <Col id="HIRE_DATE">20010109</Col>
    <Col id="SALARY">88000</Col>
    <Col id="GENDER">M</Col>
    <Col id="MARRIED">true</Col>
    <Col id="MEMO">greenyellow</Col>
  </Row>
  <Row>
    <Col id="EMPL_ID">DD001</Col>
    <Col id="FULL_NAME">Ray</Col>
    <Col id="DEPT_CD">02</Col>
    <Col id="POS_CD">03</Col>
    <Col id="HIRE_DATE">20160202</Col>
    <Col id="SALARY">60000</Col>
    <Col id="GENDER">M</Col>
    <Col id="MARRIED">true</Col>
    <Col id="MEMO">lightpink</Col>
  </Row>
</Rows>